{
  "data": [{
    "state": "AL",
    "Total": 4661900,
    "Under 5 Years": 0.06660460327334349,
    "5 to 13 Years": 0.11847937536197688,
    "14 to 17 Years": 0.055564040412707266,
    "18 to 24 Years": 0.09670263197408782,
    "16 Years and Over": 0.787490079152277,
    "18 Years and Over": 0.7593519809519723,
    "15 to 44 Years": 0.4029056822325661,
    "45 to 64 Years": 0.2608305626461314,
    "65 Years and Over": 0.1376406615328514,
    "85 Years and Over": 0.018249855209249446
  }]

}
